<?xml version="1.0" encoding="utf-8"?>
<extension type="module" version="2.5" client="site" method="upgrade">
  <name>Yendif Video Share - Playlist</name>
  <author>Yendif Technologies (P) Ltd</author>
  <creationDate>August 2018</creationDate>
  <copyright>Copyright (c) 2014 - 2018 Yendif Technologies (P) Ltd. All rights reserved.</copyright>
  <authorEmail>admin@yendifplayer.com</authorEmail>
  <authorUrl>yendifplayer.com</authorUrl>
  <version>1.2.7</version>
  <license>http://www.gnu.org/licenses/gpl-2.0.html GNU/GPL</license>
  <description>Add a Video Playlist in your Module Positions.</description>
  <files>
  	<folder>tmpl</folder>
    <filename>helper.php</filename>
    <filename>index.html</filename>
    <filename module="mod_yendifvideoshare_playlist">mod_yendifvideoshare_playlist.php</filename>
  </files>
  <config>
    <fields name="params" addfieldpath="/administrator/components/com_yendifvideoshare/elements">
      <fieldset name="basic">
        <field name="catid" type="categories" default="0" label="YENDIF_VIDEO_SHARE_SELECT_CATEGORY" description="YENDIF_VIDEO_SHARE_SELECT_CATEGORY_DESCRIPTION"/>
        <field name="orderby" type="list" default="latest" label="YENDIF_VIDEO_SHARE_ORDER_BY" description="YENDIF_VIDEO_SHARE_ORDER_BY_DESCRIPTION">
          <option value="latest">YENDIF_VIDEO_SHARE_LATEST</option>
          <option value="most_viewed">YENDIF_VIDEO_SHARE_MOST_VIEWED</option>
		  <option value="most_rated">YENDIF_VIDEO_SHARE_MOST_RATED</option>
          <option value="date_added">YENDIF_VIDEO_SHARE_DATE_ADDED</option>
          <option value="a_z">YENDIF_VIDEO_SHARE_A_Z</option>
          <option value="z_a">YENDIF_VIDEO_SHARE_Z_A</option>
          <option value="random">YENDIF_VIDEO_SHARE_RANDOM</option>
          <option value="ordering">YENDIF_VIDEO_SHARE_CUSTOM_ORDERING</option>
        </field>
		<field name="filterby" type="list" default="none" label="YENDIF_VIDEO_SHARE_FILTER_BY" description="YENDIF_VIDEO_SHARE_FILTER_BY_DESCRIPTION">
          <option value="none">YENDIF_VIDEO_SHARE_NONE</option>
          <option value="featured">YENDIF_VIDEO_SHARE_FEATURED_VIDEOS</option>
        </field>
        <field name="limit" type="text" label="YENDIF_VIDEO_SHARE_LIMIT" description="YENDIF_VIDEO_SHARE_LIMIT_DESCRIPTION" />        
        <field name="ratio" type="text" label="YENDIF_VIDEO_SHARE_RATIO" description="YENDIF_VIDEO_SHARE_RATIO_DESCRIPTION" />
        <field type="spacer" name="skin_settings" label="YENDIF_VIDEO_SHARE_SKIN_SETTINGS_DESCRIPTION" />
        <field name="theme" type="list" default="global" label="YENDIF_VIDEO_SHARE_THEME" description="YENDIF_VIDEO_SHARE_THEME_DESCRIPTION">
          <option value="global">YENDIF_VIDEO_SHARE_GLOBAL</option>
          <option value="black">YENDIF_VIDEO_SHARE_BLACK</option>
          <option value="white">YENDIF_VIDEO_SHARE_WHITE</option>
        </field>
        <field name="controlbar" type="list" default="global" label="YENDIF_VIDEO_SHARE_CONTROLBAR" description="YENDIF_VIDEO_SHARE_CONTROLBAR_DESCRIPTION">
          <option value="global">YENDIF_VIDEO_SHARE_GLOBAL</option>
          <option value="1">YENDIF_VIDEO_SHARE_YES</option>
          <option value="0">YENDIF_VIDEO_SHARE_NO</option>
        </field>
        <field name="playbtn" type="list" default="global" label="YENDIF_VIDEO_SHARE_PLAY_BUTTON" description="YENDIF_VIDEO_SHARE_PLAY_BUTTON_DESCRIPTION">
          <option value="global">YENDIF_VIDEO_SHARE_GLOBAL</option>
          <option value="1">YENDIF_VIDEO_SHARE_YES</option>
          <option value="0">YENDIF_VIDEO_SHARE_NO</option>
        </field>
        <field name="playpause" type="list" default="global" label="YENDIF_VIDEO_SHARE_PLAYPAUSE" description="YENDIF_VIDEO_SHARE_PLAYPAUSE_DESCRIPTION">
          <option value="global">YENDIF_VIDEO_SHARE_GLOBAL</option>
          <option value="1">YENDIF_VIDEO_SHARE_YES</option>
          <option value="0">YENDIF_VIDEO_SHARE_NO</option>
        </field>
        <field name="currenttime" type="list" default="global" label="YENDIF_VIDEO_SHARE_CURRENTTIME" description="YENDIF_VIDEO_SHARE_CURRENTTIME_DESCRIPTION">
          <option value="global">YENDIF_VIDEO_SHARE_GLOBAL</option>
          <option value="1">YENDIF_VIDEO_SHARE_YES</option>
          <option value="0">YENDIF_VIDEO_SHARE_NO</option>
        </field>
        <field name="progress" type="list" default="global" label="YENDIF_VIDEO_SHARE_PROGRESS" description="YENDIF_VIDEO_SHARE_PROGRESS_DESCRIPTION">
          <option value="global">YENDIF_VIDEO_SHARE_GLOBAL</option>
          <option value="1">YENDIF_VIDEO_SHARE_YES</option>
          <option value="0">YENDIF_VIDEO_SHARE_NO</option>
        </field>
        <field name="duration" type="list" default="global" label="YENDIF_VIDEO_SHARE_DURATION" description="YENDIF_VIDEO_SHARE_CONTROLBAR_DURATION_DESCRIPTION">
          <option value="global">YENDIF_VIDEO_SHARE_GLOBAL</option>
          <option value="1">YENDIF_VIDEO_SHARE_YES</option>
          <option value="0">YENDIF_VIDEO_SHARE_NO</option>
        </field>
        <field name="volumebtn" type="list" default="global" label="YENDIF_VIDEO_SHARE_VOLUME_BUTTON" description="YENDIF_VIDEO_SHARE_VOLUME_BUTTON_DESCRIPTION">
          <option value="global">YENDIF_VIDEO_SHARE_GLOBAL</option>
          <option value="1">YENDIF_VIDEO_SHARE_YES</option>
          <option value="0">YENDIF_VIDEO_SHARE_NO</option>
        </field>
        <field name="fullscreen" type="list" default="global" label="YENDIF_VIDEO_SHARE_FULLSCREEN" description="YENDIF_VIDEO_SHARE_FULLSCREEN_DESCRIPTION">
          <option value="global">YENDIF_VIDEO_SHARE_GLOBAL</option>
          <option value="1">YENDIF_VIDEO_SHARE_YES</option>
          <option value="0">YENDIF_VIDEO_SHARE_NO</option>
        </field>
        <field name="embed" type="list" default="global" label="YENDIF_VIDEO_SHARE_EMBED" description="YENDIF_VIDEO_SHARE_EMBED_DESCRIPTION">
          <option value="global">YENDIF_VIDEO_SHARE_GLOBAL</option>
          <option value="1">YENDIF_VIDEO_SHARE_YES</option>
          <option value="0">YENDIF_VIDEO_SHARE_NO</option>
        </field>
        <field type="spacer" name="playback_settings" label="YENDIF_VIDEO_SHARE_PLAYBACK_SETTINGS_DESCRIPTION" />
	      <field name="volume" type="text" label="YENDIF_VIDEO_SHARE_VOLUME" description="YENDIF_VIDEO_SHARE_VOLUME_DESCRIPTION" />
        <field name="autoplay" type="list" default="global" label="YENDIF_VIDEO_SHARE_AUTOPLAY" description="YENDIF_VIDEO_SHARE_AUTOPLAY_DESCRIPTION">
          <option value="global">YENDIF_VIDEO_SHARE_GLOBAL</option>
          <option value="1">YENDIF_VIDEO_SHARE_YES</option>
          <option value="0">YENDIF_VIDEO_SHARE_NO</option>
        </field>
        <field name="loop" type="list" default="global" label="YENDIF_VIDEO_SHARE_LOOP" description="YENDIF_VIDEO_SHARE_LOOP_DESCRIPTION">
          <option value="global">YENDIF_VIDEO_SHARE_GLOBAL</option>
          <option value="1">YENDIF_VIDEO_SHARE_YES</option>
          <option value="0">YENDIF_VIDEO_SHARE_NO</option>
        </field>
        <field type="spacer" name="playlist_settings" label="YENDIF_VIDEO_SHARE_PLAYLIST_SETTINGS_DESCRIPTION" />
		<field name="playlist_position" type="list" default="global" label="YENDIF_VIDEO_SHARE_PLAYLIST_POSITION" description="YENDIF_VIDEO_SHARE_PLAYLIST_POSITION_DESCRIPTION">
          <option value="global">YENDIF_VIDEO_SHARE_GLOBAL</option>
          <option value="right">YENDIF_VIDEO_SHARE_RIGHT</option>
          <option value="bottom">YENDIF_VIDEO_SHARE_BOTTOM</option>
        </field>
        <field name="playlist_width" type="text" label="YENDIF_VIDEO_SHARE_PLAYLIST_WIDTH" description="YENDIF_VIDEO_SHARE_PLAYLIST_WIDTH_DESCRIPTION" />
        <field name="playlist_height" type="text" label="YENDIF_VIDEO_SHARE_PLAYLIST_HEIGHT" description="YENDIF_VIDEO_SHARE_PLAYLIST_HEIGHT_DESCRIPTION" />  
		<field name="playlist_title_limit" type="text" label="YENDIF_VIDEO_SHARE_TITLE_LENGH" description="YENDIF_VIDEO_SHARE_NO_OF_CHARACTERS" />
		<field name="playlist_desc_limit" type="text" label="YENDIF_VIDEO_SHARE_DESCRIPTION_LENGTH" description="YENDIF_VIDEO_SHARE_NO_OF_CHARACTERS" />
        <field name="autoplaylist" type="list" default="global" label="YENDIF_VIDEO_SHARE_AUTOPLAYLIST" description="YENDIF_VIDEO_SHARE_AUTOPLAYLIST_DESCRIPTION">
          <option value="global">YENDIF_VIDEO_SHARE_GLOBAL</option>
          <option value="1">YENDIF_VIDEO_SHARE_YES</option>
          <option value="0">YENDIF_VIDEO_SHARE_NO</option>
        </field>
        <field type="spacer" name="advanced_settings" label="YENDIF_VIDEO_SHARE_ADVANCED_SETTINGS" />
        <field name="cache" type="list" default="0" label="YENDIF_VIDEO_SHARE_CACHE" description="YENDIF_VIDEO_SHARE_CACHE_DESCRIPTION">
          <option value="0">YENDIF_VIDEO_SHARE_NEVER</option>
        </field>
        <field name="moduleclass_sfx" type="text" label="YENDIF_VIDEO_SHARE_MODULE_CLASS_SUFFIX" description="YENDIF_VIDEO_SHARE_MODULE_CLASS_SUFFIX_DESCRIPTION" size="60" />
      </fieldset>
    </fields>
  </config>
</extension>