<?xml version="1.0" encoding="utf-8"?>
<extension type="module" version="3.0" client="site" method="upgrade">
  <name>Yendif Video Share - Videos</name>
  <author>Yendif Technologies (P) Ltd</author>
  <creationDate>August 2018</creationDate>
  <copyright>Copyright (c) 2014 - 2018 Yendif Technologies (P) Ltd. All rights reserved.</copyright>
  <authorEmail>admin@yendifplayer.com</authorEmail>
  <authorUrl>yendifplayer.com</authorUrl>
  <version>1.2.7</version>
  <license>http://www.gnu.org/licenses/gpl-2.0.html GNU/GPL</license>
  <description>Add Yendif Video Share Galleries to your Module Positions.</description>
  <files>
    <folder>tmpl</folder>
    <filename>helper.php</filename>
    <filename>index.html</filename>
    <filename module="mod_yendifvideoshare_videos">mod_yendifvideoshare_videos.php</filename>
  </files>
  <config>
    <fields name="params" addfieldpath="/administrator/components/com_yendifvideoshare/elements">
      <fieldset name="basic">
        <field name="catid" type="categories" default="0" label="YENDIF_VIDEO_SHARE_SELECT_CATEGORY" description="YENDIF_VIDEO_SHARE_SELECT_CATEGORY_DESCRIPTION"/>
        <field name="orderby" type="list" default="latest" label="YENDIF_VIDEO_SHARE_ORDER_BY" description="YENDIF_VIDEO_SHARE_ORDER_BY_DESCRIPTION">
          <option value="latest">YENDIF_VIDEO_SHARE_LATEST</option>
          <option value="most_viewed">YENDIF_VIDEO_SHARE_MOST_VIEWED</option>
		  <option value="most_rated">YENDIF_VIDEO_SHARE_MOST_RATED</option>
          <option value="date_added">YENDIF_VIDEO_SHARE_DATE_ADDED</option>
          <option value="a_z">YENDIF_VIDEO_SHARE_A_Z</option>
          <option value="z_a">YENDIF_VIDEO_SHARE_Z_A</option>
          <option value="random">YENDIF_VIDEO_SHARE_RANDOM</option>
          <option value="ordering">YENDIF_VIDEO_SHARE_CUSTOM_ORDERING</option>
        </field>
		<field name="filterby" type="list" default="none" label="YENDIF_VIDEO_SHARE_FILTER_BY" description="YENDIF_VIDEO_SHARE_FILTER_BY_DESCRIPTION">
          <option value="none">YENDIF_VIDEO_SHARE_NONE</option>
          <option value="featured">YENDIF_VIDEO_SHARE_FEATURED_VIDEOS</option>
        </field>
        <field name="no_of_rows" type="text" default="3" label="YENDIF_VIDEO_SHARE_NO_OF_ROWS" description="YENDIF_VIDEO_SHARE_NO_OF_ROWS_DESCRIPTION" />
        <field name="no_of_cols" type="text" default="3" label="YENDIF_VIDEO_SHARE_NO_OF_COLS" description="YENDIF_VIDEO_SHARE_NO_OF_COLS_DESCRIPTION" />
		<field name="enable_popup" type="list" default="global" label="YENDIF_VIDEO_SHARE_SHOW_VIDEOS_IN_POPUP_LABEL" 
				description="YENDIF_VIDEO_SHARE_SHOW_VIDEOS_IN_POPUP_DESC"> 
		  <option value="global">YENDIF_VIDEO_SHARE_GLOBAL</option>         
          <option value="1">YENDIF_VIDEO_SHARE_SHOW</option>
          <option value="0">YENDIF_VIDEO_SHARE_HIDE</option>
        </field>
		<field name="show_excerpt" type="list" default="global" label="YENDIF_VIDEO_SHARE_SHOW_DESCRIPTION" description="YENDIF_VIDEO_SHARE_SHOW_DESCRIPTION">
          <option value="global">YENDIF_VIDEO_SHARE_GLOBAL</option>
          <option value="1">YENDIF_VIDEO_SHARE_SHOW</option>
          <option value="0">YENDIF_VIDEO_SHARE_HIDE</option>
        </field>	
		<field name="show_views" type="list" default="global" label="YENDIF_VIDEO_SHARE_SHOW_VIEWS" description="YENDIF_VIDEO_SHARE_SHOW_VIEWS_DESCRIPTION">
          <option value="global">YENDIF_VIDEO_SHARE_GLOBAL</option>
          <option value="1">YENDIF_VIDEO_SHARE_SHOW</option>
          <option value="0">YENDIF_VIDEO_SHARE_HIDE</option>
        </field>
		<field name="show_rating" type="list" default="global" label="YENDIF_VIDEO_SHARE_SHOW_RATING" description="YENDIF_VIDEO_SHARE_SHOW_RATING_DESCRIPTION">
          <option value="global">YENDIF_VIDEO_SHARE_GLOBAL</option>
          <option value="1">YENDIF_VIDEO_SHARE_SHOW</option>
          <option value="0">YENDIF_VIDEO_SHARE_HIDE</option>
        </field>
		<field name="show_comments_count" type="list" default="global" label="YENDIF_VIDEO_SHARE_SHOW_COMMENTS_COUNT_LABEL" 
				description="YENDIF_VIDEO_SHARE_SHOW_COMMENTS_COUNT_DESC">
          <option value="global">YENDIF_VIDEO_SHARE_GLOBAL</option>
          <option value="1">YENDIF_VIDEO_SHARE_SHOW</option>
          <option value="0">YENDIF_VIDEO_SHARE_HIDE</option>
        </field>		
        <field name="itemid" type="text" label="YENDIF_VIDEO_SHARE_ITEMID" description="YENDIF_VIDEO_SHARE_ITEMID_DESCRIPTION" />
		<field type="spacer" name="advanced_settings" label="YENDIF_VIDEO_SHARE_ADVANCED_SETTINGS" />
		<field name="show_more_btn" type="list" default="0" label="YENDIF_VIDEO_SHARE_SHOW_MORE_BUTTON" description="YENDIF_VIDEO_SHARE_SHOW_MORE_BUTTON_DESCRIPTION">
          <option value="1">YENDIF_VIDEO_SHARE_SHOW</option>
          <option value="0">YENDIF_VIDEO_SHARE_HIDE</option>
        </field>
		<field name="more_btn_label" type="text" default="More Videos" label="YENDIF_VIDEO_SHARE_MORE_BUTTON_LABEL" description="YENDIF_VIDEO_SHARE_MORE_BUTTON_LABEL_DESCRIPTION" size="60" />
		<field name="more_btn_link" type="text" label="YENDIF_VIDEO_SHARE_MORE_BUTTON_LINK" description="YENDIF_VIDEO_SHARE_MORE_BUTTON_LINK_DESCRIPTION" size="60" />
        <field name="cache" type="list" default="0" label="YENDIF_VIDEO_SHARE_CACHE" description="YENDIF_VIDEO_SHARE_CACHE_DESCRIPTION">
          <option value="0">YENDIF_VIDEO_SHARE_NEVER</option>
        </field>
        <field name="moduleclass_sfx" type="text" label="YENDIF_VIDEO_SHARE_MODULE_CLASS_SUFFIX" description="YENDIF_VIDEO_SHARE_MODULE_CLASS_SUFFIX_DESCRIPTION" size="60" />
      </fieldset>
    </fields>
  </config>
</extension>
