<?xml version="1.0" encoding="utf-8"?>
<extension type="module" version="3.0" client="site" method="upgrade">
  <name>Yendif Video Share - Categories</name>
  <author>Yendif Technologies (P) Ltd</author>
  <creationDate>August 2018</creationDate>
  <copyright>Copyright (c) 2014 - 2018 Yendif Technologies (P) Ltd. All rights reserved.</copyright>
  <authorEmail>admin@yendifplayer.com</authorEmail>
  <authorUrl>yendifplayer.com</authorUrl>
  <version>1.2.7</version>
  <license>http://www.gnu.org/licenses/gpl-2.0.html GNU/GPL</license>
  <description>
  	<![CDATA[
		Displays Video Categories in your Module Positions.<p><strong>Note:</strong> Use "Yendif Video Share - Videos" module, if you want to display a video gallery.</p>
	]]>
  </description>
  <files>
    <folder>tmpl</folder>
    <filename>helper.php</filename>
    <filename>index.html</filename>
    <filename module="mod_yendifvideoshare_categories">mod_yendifvideoshare_categories.php</filename>
  </files>
  <config>
    <fields name="params" addfieldpath="/administrator/components/com_yendifvideoshare/elements">
      <fieldset name="basic">
        <field name="catid" type="categories" default="0" label="YENDIF_VIDEO_SHARE_SELECT_PARENT" description="YENDIF_VIDEO_SHARE_SELECT_PARENT_DESCRIPTION"/>
        <field name="orderby" type="list" default="latest" label="YENDIF_VIDEO_SHARE_ORDER_BY" description="YENDIF_VIDEO_SHARE_ORDER_BY_DESCRIPTION">
          <option value="latest">YENDIF_VIDEO_SHARE_LATEST</option>
          <option value="date_added">YENDIF_VIDEO_SHARE_DATE_ADDED</option>
          <option value="a_z">YENDIF_VIDEO_SHARE_A_Z</option>
          <option value="z_a">YENDIF_VIDEO_SHARE_Z_A</option>
          <option value="random">YENDIF_VIDEO_SHARE_RANDOM</option>
          <option value="ordering">YENDIF_VIDEO_SHARE_CUSTOM_ORDERING</option>
        </field>
        <field name="no_of_rows" type="text" default="3" label="YENDIF_VIDEO_SHARE_NO_OF_ROWS" description="YENDIF_VIDEO_SHARE_NO_OF_ROWS_DESCRIPTION" />
        <field name="no_of_cols" type="text" default="3" label="YENDIF_VIDEO_SHARE_NO_OF_COLS" description="YENDIF_VIDEO_SHARE_NO_OF_COLS_DESCRIPTION" />
		<field name="show_excerpt" type="list" default="global" label="YENDIF_VIDEO_SHARE_SHOW_DESCRIPTION" description="YENDIF_VIDEO_SHARE_SHOW_DESCRIPTION">
          <option value="global">YENDIF_VIDEO_SHARE_GLOBAL</option>
          <option value="1">YENDIF_VIDEO_SHARE_SHOW</option>
          <option value="0">YENDIF_VIDEO_SHARE_HIDE</option>
        </field>	
		 <field name="show_media_count" type="list" default="global" label="YENDIF_VIDEO_SHARE_SH_MEDIA_COUNT_LABEL" description="YENDIF_VIDEO_SHARE_SH_MEDIA_COUNT_DESC">
          <option value="global">YENDIF_VIDEO_SHARE_GLOBAL</option>
          <option value="1">YENDIF_VIDEO_SHARE_SHOW</option>
          <option value="0">YENDIF_VIDEO_SHARE_HIDE</option>
        </field>	
        <field name="itemid" type="text" label="YENDIF_VIDEO_SHARE_ITEMID" description="YENDIF_VIDEO_SHARE_ITEMID_DESCRIPTION" />
		<field type="spacer" name="advanced_settings" label="YENDIF_VIDEO_SHARE_ADVANCED_SETTINGS" />
        <field name="cache" type="list" default="0" label="YENDIF_VIDEO_SHARE_CACHE" description="YENDIF_VIDEO_SHARE_CACHE_DESCRIPTION">
          <option value="0">YENDIF_VIDEO_SHARE_NEVER</option>
        </field>
        <field name="moduleclass_sfx" type="text" label="YENDIF_VIDEO_SHARE_MODULE_CLASS_SUFFIX" description="YENDIF_VIDEO_SHARE_MODULE_CLASS_SUFFIX_DESCRIPTION" size="60" />
      </fieldset>
    </fields>
  </config>
</extension>
